edge_id,node_u,node_v,length_meters,flow,flow_magnitude,direction
0,41191269,41599903,114.29,-4,4,41599903 -> 41191269
1,41191269,41599899,108.04,9,9,41191269 -> 41599899
2,41191269,41191270,102.14,-2,2,41191270 -> 41191269
3,41191269,11907040131,114.8,-3,3,11907040131 -> 41191269
4,41599903,1680570034,103.05,2,2,41599903 -> 1680570034
5,41599903,317521787,31.0,1,1,41599903 -> 317521787
6,41599903,41599905,106.74,-7,7,41599905 -> 41599903
7,41599899,41548384,114.61,2,2,41599899 -> 41548384
8,41599899,41599897,113.86,1,1,41599899 -> 41599897
9,41599899,42326900,102.2,6,6,41599899 -> 42326900
10,41191270,1680570034,111.75,-1,1,1680570034 -> 41191270
11,41191270,42326900,110.64,-2,2,42326900 -> 41191270
12,41191270,41191273,97.61,1,1,41191270 -> 41191273
13,11907040131,41548384,107.21,-1,1,41548384 -> 11907040131
14,11907040131,3367417791,109.81,-2,2,3367417791 -> 11907040131
15,1680570034,41631297,97.58,1,1,1680570034 -> 41631297
16,42326900,41882910,97.28,6,6,42326900 -> 41882910
17,42326900,42604859,112.91,-2,2,42604859 -> 42326900
18,41191273,41631297,113.64,1,1,41191273 -> 41631297
19,41191273,41882910,111.57,1,1,41191273 -> 41882910
20,41191273,41191280,101.01,-1,1,41191280 -> 41191273
21,41631297,41599806,100.98,1,1,41631297 -> 41599806
22,41631297,41882913,105.13,1,1,41631297 -> 41882913
23,41882910,41599802,101.32,7,7,41882910 -> 41599802
24,41882910,41882908,111.7,0,0,unused
25,41191280,41599806,114.02,1,1,41191280 -> 41599806
26,41191280,41599802,110.65,-1,1,41599802 -> 41191280
27,41191280,41191284,99.72,-1,1,41191284 -> 41191280
28,41599806,41631299,100.27,-1,1,41631299 -> 41599806
29,41599806,1401842466,105.66,3,3,41599806 -> 1401842466
30,41599802,41599801,111.78,2,2,41599802 -> 41599801
31,41599802,42037592,100.44,4,4,41599802 -> 42037592
32,41191284,41631299,113.48,1,1,41191284 -> 41631299
33,41191284,42037592,109.62,-3,3,42037592 -> 41191284
34,41191284,41191287,96.79,1,1,41191284 -> 41191287
35,41631299,41631301,97.41,-1,1,41631301 -> 41631299
36,41631299,42037611,106.99,1,1,41631299 -> 42037611
37,42037592,41701778,96.77,1,1,42037592 -> 41701778
38,42037592,42037586,112.4,0,0,unused
39,41191287,41631301,112.78,1,1,41191287 -> 41631301
40,41191287,41701778,110.65,1,1,41191287 -> 41701778
41,41191287,1680570046,96.62,-1,1,1680570046 -> 41191287
42,41631301,41631302,95.87,-1,1,41631302 -> 41631301
43,41631301,41701787,107.52,1,1,41631301 -> 41701787
44,41701778,41701777,111.57,1,1,41701778 -> 41701777
45,41701778,42326887,96.06,1,1,41701778 -> 42326887
46,1680570046,41191294,95.31,0,0,unused
47,1680570046,41631302,119.99,-5,5,41631302 -> 1680570046
48,1680570046,42326887,109.48,4,4,1680570046 -> 42326887
49,41191294,1398112655,69.99,-1,1,1398112655 -> 41191294
50,41191294,41631305,141.55,1,1,41191294 -> 41631305
51,1398112655,1398112665,32.2,0,0,unused
52,1398112655,1398112662,69.5,-1,1,1398112662 -> 1398112655
53,41631305,41631302,98.44,6,6,41631305 -> 41631302
54,41631305,1680570026,100.88,-5,5,1680570026 -> 41631305
55,41191309,6074464045,202.7,0,0,unused
56,41191309,10128704241,92.28,1,1,41191309 -> 10128704241
57,41191309,8818964308,39.98,-1,1,8818964308 -> 41191309
58,6074464045,41631314,153.23,0,0,unused
59,6074464045,6074464047,74.42,0,0,unused
60,10128704241,41570879,58.0,1,1,10128704241 -> 41570879
61,8818964308,41570875,35.83,1,1,8818964308 -> 41570875
62,8818964308,8819017526,146.42,-2,2,8819017526 -> 8818964308
63,41191320,41631316,115.23,0,0,unused
64,41191320,42327019,113.03,-4,4,42327019 -> 41191320
65,41191320,6074464040,202.56,4,4,41191320 -> 6074464040
66,41631316,41576311,106.56,2,2,41631316 -> 41576311
67,41631316,42401437,203.48,-2,2,42401437 -> 41631316
68,42327019,6074464041,204.51,-2,2,6074464041 -> 42327019
69,42327019,42481008,114.72,-2,2,42481008 -> 42327019
70,6074464040,6074464038,114.42,4,4,6074464040 -> 6074464038
71,6074464040,6074464041,113.27,0,0,unused
72,41245666,256634087,409.24,-4,4,256634087 -> 41245666
73,41245666,41245671,1070.44,4,4,41245666 -> 41245671
74,256634087,2361888663,154.1,-5,5,2361888663 -> 256634087
75,256634087,41245670,166.99,1,1,256634087 -> 41245670
76,41245671,198033100,424.08,4,4,41245671 -> 198033100
77,41245670,41769132,136.13,1,1,41245670 -> 41769132
78,41245670,330557359,84.53,0,0,unused
79,41769132,41533720,103.77,1,1,41769132 -> 41533720
80,41769132,41769129,193.81,1,1,41769132 -> 41769129
81,41769132,2281519344,113.21,-1,1,2281519344 -> 41769132
82,41769132,42290370,109.55,0,0,unused
83,41342712,41499742,105.33,-1,1,41499742 -> 41342712
84,41342712,41548359,38.5,0,0,unused
85,41342712,42717550,38.68,1,1,41342712 -> 42717550
86,41499742,41499739,118.68,0,0,unused
87,41499742,41794999,245.38,-1,1,41794999 -> 41499742
88,41548359,41548359,604.88,1,1,41548359 -> 41548359
89,42717550,41342718,42.41,0,0,unused
90,42717550,42322708,123.52,1,1,42717550 -> 42322708
91,41417598,41588082,105.65,1,1,41417598 -> 41588082
92,41417598,256544869,113.53,0,0,unused
93,41417598,41621515,10.64,-1,1,41621515 -> 41417598
94,41588082,41588084,111.09,-1,1,41588084 -> 41588082
95,41588082,256544869,40.23,2,2,41588082 -> 256544869
96,256544869,41588080,60.21,3,3,256544869 -> 41588080
97,256544869,256544743,117.51,-1,1,256544743 -> 256544869
98,41496927,42221224,118.38,1,1,41496927 -> 42221224
99,41496927,41966200,121.95,13,13,41496927 -> 41966200
100,41496927,1680570118,206.17,-14,14,1680570118 -> 41496927
101,42221224,42023781,113.57,-1,1,42023781 -> 42221224
102,42221224,7655281891,150.55,-1,1,7655281891 -> 42221224
103,42221224,331927675,151.25,3,3,42221224 -> 331927675
104,41966200,41609721,114.55,1,1,41966200 -> 41609721
105,41966200,41611965,205.41,-1,1,41611965 -> 41966200
106,41966200,3019500800,246.37,13,13,41966200 -> 3019500800
107,1680570118,41611965,121.89,2,2,1680570118 -> 41611965
108,1680570118,1680570105,111.62,-22,22,1680570105 -> 1680570118
109,1680570118,1680570120,118.3,6,6,1680570118 -> 1680570120
110,41496939,41929197,118.31,-2,2,41929197 -> 41496939
111,41496939,41929191,119.61,1,1,41496939 -> 41929191
112,41496939,41496941,229.71,1,1,41496939 -> 41496941
113,41929197,317521509,22.46,-3,3,317521509 -> 41929197
114,41929197,1680570101,117.12,1,1,41929197 -> 1680570101
115,41929191,41548387,230.32,1,1,41929191 -> 41548387
116,41929191,12895886671,114.26,1,1,41929191 -> 12895886671
117,41929191,1526072477,117.12,-1,1,1526072477 -> 41929191
118,41496941,41548390,121.34,3,3,41496941 -> 41548390
119,41496941,41548387,118.15,-1,1,41548387 -> 41496941
120,41496941,41496944,109.73,-1,1,41496944 -> 41496941
121,41548390,41548393,109.5,-1,1,41548393 -> 41548390
122,41548390,329593731,109.16,0,0,unused
123,41548390,317521509,205.75,4,4,41548390 -> 317521509
124,41548387,2007473004,115.06,1,1,41548387 -> 2007473004
125,41548387,41966227,109.34,-1,1,41966227 -> 41548387
126,41496944,329593731,120.32,1,1,41496944 -> 329593731
127,41496944,41966227,118.38,-1,1,41966227 -> 41496944
128,41496944,1680570022,142.03,-1,1,1680570022 -> 41496944
129,329593731,42338388,10.62,1,1,329593731 -> 42338388
130,41966227,11907040130,112.93,-2,2,11907040130 -> 41966227
131,41966227,41966231,140.92,0,0,unused
132,1680570022,41966231,118.25,27,27,1680570022 -> 41966231
133,1680570022,42338391,119.71,-28,28,42338391 -> 1680570022
134,41499677,41499739,66.56,0,0,unused
135,41499677,41499680,204.93,0,0,unused
136,41499677,42400372,152.09,0,0,unused
137,41499739,42225315,52.13,0,0,unused
138,42400372,317516167,100.78,0,0,unused
139,42225315,42596468,134.75,0,0,unused
140,41794999,41795000,64.91,0,0,unused
141,41794999,42596552,66.6,-1,1,42596552 -> 41794999
142,41499842,1501879015,162.78,-2,2,1501879015 -> 41499842
143,41499842,41609615,170.41,1,1,41499842 -> 41609615
144,41499842,41609611,117.86,1,1,41499842 -> 41609611
145,1501879015,331917948,5.81,0,0,unused
146,1501879015,1501879048,51.92,-3,3,1501879048 -> 1501879015
147,1501879015,1501879041,116.49,1,1,1501879015 -> 1501879041
148,41609615,42221113,66.82,-1,1,42221113 -> 41609615
149,41609615,331917949,165.55,2,2,41609615 -> 331917949
150,41609611,42221109,64.79,1,1,41609611 -> 42221109
151,41609611,1501879041,164.11,0,0,unused
152,41500739,41500741,207.63,2,2,41500739 -> 41500741
153,41500739,41769119,101.4,-2,2,41769119 -> 41500739
154,41500739,2616409641,137.5,0,0,unused
155,41500741,41500742,41.98,1,1,41500741 -> 41500742
156,41500741,41723589,100.23,-1,1,41723589 -> 41500741
157,41500741,3624958531,151.58,1,1,41500741 -> 3624958531
158,41500741,10263225269,225.08,1,1,41500741 -> 10263225269
159,41769119,41723589,207.18,2,2,41769119 -> 41723589
160,41769119,41769122,54.83,-4,4,41769122 -> 41769119
161,2616409641,41769115,75.96,0,0,unused
162,2616409641,10263225269,63.43,0,0,unused
163,41500742,41500744,100.21,1,1,41500742 -> 41500744
164,41500742,2297712580,216.03,0,0,unused
165,41723589,41723591,100.14,1,1,41723589 -> 41723591
166,3624958531,41545924,96.01,2,2,3624958531 -> 41545924
167,3624958531,42377819,292.71,-11,11,42377819 -> 3624958531
168,3624958531,3074538202,143.58,10,10,3624958531 -> 3074538202
169,10263225269,41769115,72.01,1,1,10263225269 -> 41769115
170,41500744,41500746,194.32,1,1,41500744 -> 41500746
171,41500744,3625083533,216.72,0,0,unused
172,2297712580,2297712579,61.78,8,8,2297712580 -> 2297712579
173,2297712580,3625083534,40.78,-8,8,3625083534 -> 2297712580
174,41500746,41500748,62.07,10,10,41500746 -> 41500748
175,41500746,2297713953,214.97,-9,9,2297713953 -> 41500746
176,3625083533,2297712579,39.69,-10,10,2297712579 -> 3625083533
177,3625083533,2297713953,193.66,10,10,3625083533 -> 2297713953
178,41500748,42377819,101.57,10,10,41500748 -> 42377819
179,2297713953,2297713950,78.19,1,1,2297713953 -> 2297713950
180,42377819,42205461,98.99,-1,1,42205461 -> 42377819
181,41533716,41533720,194.85,-1,1,41533720 -> 41533716
182,41533716,41723594,104.86,2,2,41533716 -> 41723594
183,41533716,41769129,102.05,-1,1,41769129 -> 41533716
184,41533720,41723597,105.99,0,0,unused
185,41723594,41545927,99.43,1,1,41723594 -> 41545927
186,41723594,41723593,99.8,12,12,41723594 -> 41723593
187,41723594,41723597,195.17,-11,11,41723597 -> 41723594
188,41769129,330512868,24.39,0,0,unused
189,41723597,41545930,98.54,1,1,41723597 -> 41545930
190,41723597,41629295,111.67,-12,12,41629295 -> 41723597
191,41536050,41599907,115.64,1,1,41536050 -> 41599907
192,41536050,11907040124,108.47,-1,1,11907040124 -> 41536050
193,41599907,41599905,109.34,7,7,41599907 -> 41599905
194,41599907,41882915,200.21,-6,6,41882915 -> 41599907
195,41545924,41723591,98.92,1,1,41545924 -> 41723591
196,41545924,41545927,198.81,1,1,41545924 -> 41545927
197,41723591,41723593,99.46,2,2,41723591 -> 41723593
198,41723591,41769125,207.36,0,0,unused
199,41545927,42200619,100.15,1,1,41545927 -> 42200619
200,41545927,41545930,194.97,1,1,41545927 -> 41545930
201,42200619,42424999,195.38,11,11,42200619 -> 42424999
202,42200619,3074538202,193.27,-10,10,3074538202 -> 42200619
203,41545930,42424999,100.3,2,2,41545930 -> 42424999
204,42424999,41629297,112.29,13,13,42424999 -> 41629297
205,42424999,41860940,100.0,0,0,unused
206,41548384,2007473004,13.99,2,2,41548384 -> 2007473004
207,41548384,1556606323,129.96,-1,1,1556606323 -> 41548384
208,2007473004,12895886671,231.55,-1,1,12895886671 -> 2007473004
209,2007473004,12897697019,232.37,27,27,2007473004 -> 12897697019
210,2007473004,11907040130,107.04,-23,23,11907040130 -> 2007473004
211,41548393,42023642,117.38,-1,1,42023642 -> 41548393
212,41548393,41929202,206.69,0,0,unused
213,317521509,41929202,108.12,1,1,317521509 -> 41929202
214,42023642,42023651,132.9,-2,2,42023651 -> 42023642
215,42023642,42338388,114.1,1,1,42023642 -> 42338388
216,41929202,41716554,120.17,1,1,41929202 -> 41716554
217,41549026,41549031,208.0,3,3,41549026 -> 41549031
218,41549026,329637404,191.01,3,3,41549026 -> 329637404
219,41549026,41570871,112.45,-4,4,41570871 -> 41549026
220,41549026,41570864,113.2,-2,2,41570864 -> 41549026
221,41549031,41549033,205.47,1,1,41549031 -> 41549033
222,41549031,6074464055,59.93,1,1,41549031 -> 6074464055
223,41549031,41618217,113.1,1,1,41549031 -> 41618217
224,329637404,5158562045,59.05,-1,1,5158562045 -> 329637404
225,329637404,12113937864,301.13,4,4,329637404 -> 12113937864
226,41570871,41812050,202.43,-1,1,41812050 -> 41570871
227,41570871,1680570050,114.66,0,0,unused
228,41570871,42026853,200.52,-3,3,42026853 -> 41570871
229,41570864,41570855,239.42,12,12,41570864 -> 41570855
230,41570864,41618217,206.17,-1,1,41618217 -> 41570864
231,41570864,12113937864,219.48,-13,13,12113937864 -> 41570864
232,41549033,42026877,114.33,1,1,41549033 -> 42026877
233,6074464055,41812050,54.13,1,1,6074464055 -> 41812050
234,6074464055,6074464043,54.38,0,0,unused
235,41618217,329626626,42.76,0,0,unused
236,42026877,42481008,115.51,0,0,unused
237,42026877,6074464043,204.34,1,1,42026877 -> 6074464043
238,41549116,41549119,116.72,1,1,41549116 -> 41549119
239,41549116,42026813,114.84,-1,1,42026813 -> 41549116
240,41549116,1397281377,46.88,0,0,unused
241,41549116,1680570091,121.71,0,0,unused
242,41549119,41549122,118.23,1,1,41549119 -> 41549122
243,41549119,1680570074,115.55,-1,1,1680570074 -> 41549119
244,41549119,41618201,110.49,1,1,41549119 -> 41618201
245,42026813,41882907,78.84,1,1,42026813 -> 41882907
246,42026813,2297694158,18.16,-2,2,2297694158 -> 42026813
247,1680570091,1556606335,113.17,2,2,1680570091 -> 1556606335
248,1680570091,1450708279,39.26,-23,23,1450708279 -> 1680570091
249,1680570091,12895886663,115.67,21,21,1680570091 -> 12895886663
250,41549122,42026839,281.27,0,0,unused
251,41549122,42026825,114.83,1,1,41549122 -> 42026825
252,1680570074,41599799,63.4,-1,1,41599799 -> 1680570074
253,1680570074,41882907,38.55,0,0,unused
254,41618201,41618199,118.29,1,1,41618201 -> 41618199
255,41618201,41882950,205.23,0,0,unused
256,42026839,42026853,95.94,1,1,42026839 -> 42026853
257,42026839,42674699,108.15,-1,1,42674699 -> 42026839
258,42026825,41599799,53.8,2,2,42026825 -> 41599799
259,42026825,42037586,161.02,-1,1,42037586 -> 42026825
260,41570849,1680570132,119.79,-1,1,1680570132 -> 41570849
261,41570849,1556606578,122.53,7,7,41570849 -> 1556606578
262,41570849,41803783,103.04,2,2,41570849 -> 41803783
263,41570849,42354407,103.28,-8,8,42354407 -> 41570849
264,1680570132,41570855,102.37,2,2,1680570132 -> 41570855
265,1680570132,41803789,102.43,-1,1,41803789 -> 1680570132
266,1680570132,41823844,105.43,-2,2,41823844 -> 1680570132
267,1556606578,1556606581,102.47,-3,3,1556606581 -> 1556606578
268,1556606578,1556606580,103.55,10,10,1556606578 -> 1556606580
269,41803783,1556606580,122.27,1,1,41803783 -> 1556606580
270,41803783,1556606454,102.29,2,2,41803783 -> 1556606454
271,41803783,41803789,119.18,-1,1,41803789 -> 41803783
272,41570855,41812032,305.01,13,13,41570855 -> 41812032
273,41570855,3155508119,213.45,1,1,41570855 -> 3155508119
274,41812032,41576287,103.28,1,1,41812032 -> 41576287
275,41812032,41812031,120.11,1,1,41812032 -> 41812031
276,41812032,41823844,101.83,11,11,41812032 -> 41823844
277,3155508119,41701848,212.56,2,2,3155508119 -> 41701848
278,3155508119,3155508070,102.34,-1,1,3155508070 -> 3155508119
279,12113937864,5158562046,172.83,-9,9,5158562046 -> 12113937864
280,41812050,6074464043,8.68,2,2,41812050 -> 6074464043
281,41812050,6074464048,113.04,-2,2,6074464048 -> 41812050
282,1680570050,41570875,116.97,-1,1,41570875 -> 1680570050
283,1680570050,42674703,91.91,-2,2,42674703 -> 1680570050
284,1680570050,1397735918,77.93,3,3,1680570050 -> 1397735918
285,42026853,5158562046,58.33,0,0,unused
286,42026853,42345818,90.02,-1,1,42345818 -> 42026853
287,42026853,5158562045,57.93,-1,1,5158562045 -> 42026853
288,41570875,6074464047,202.19,0,0,unused
289,6074464047,6074464041,7.7,1,1,6074464047 -> 6074464041
290,6074464047,6074464048,117.52,-1,1,6074464048 -> 6074464047
291,41570879,41631310,109.97,-1,1,41631310 -> 41570879
292,41570879,1680570026,97.52,5,5,41570879 -> 1680570026
293,41570879,41570882,209.08,-3,3,41570882 -> 41570879
294,41631310,42354459,205.44,0,0,unused
295,41631310,41631314,91.52,-1,1,41631314 -> 41631310
296,1680570026,1398166289,106.86,0,0,unused
297,41570882,42354459,105.68,-3,3,42354459 -> 41570882
298,42354459,41812065,91.92,-3,3,41812065 -> 42354459
299,41576286,1556606573,123.12,2,2,41576286 -> 1556606573
300,41576286,41576287,119.62,0,0,unused
301,41576286,41812031,103.8,-1,1,41812031 -> 41576286
302,41576286,42480984,102.86,-1,1,42480984 -> 41576286
303,1556606573,41860855,117.86,2,2,1556606573 -> 41860855
304,1556606573,1556606555,103.4,-1,1,1556606555 -> 1556606573
305,1556606573,1556606581,206.53,1,1,1556606573 -> 1556606581
306,41576287,329617639,73.56,0,0,unused
307,41576287,41823847,105.22,1,1,41576287 -> 41823847
308,41812031,42354407,103.58,0,0,unused
309,41823847,42480984,118.78,1,1,41823847 -> 42480984
310,41576311,41576313,203.58,1,1,41576311 -> 41576313
311,41576311,6074464038,93.07,1,1,41576311 -> 6074464038
312,41576313,42401437,105.56,2,2,41576313 -> 42401437
313,41576313,6074464036,92.71,-1,1,6074464036 -> 41576313
314,6074464038,41631314,8.44,4,4,6074464038 -> 41631314
315,6074464038,6074464036,202.87,1,1,6074464038 -> 6074464036
316,41579562,41579564,80.13,0,0,unused
317,41579564,41579566,164.37,0,0,unused
318,41579564,42322708,63.42,-1,1,42322708 -> 41579564
319,41579564,42225311,69.36,1,1,41579564 -> 42225311
320,42322708,42717543,79.66,0,0,unused
321,42225311,41794944,71.91,1,1,42225311 -> 41794944
322,42225311,42225313,166.42,0,0,unused
323,41588080,41588168,138.99,2,2,41588080 -> 41588168
324,41588080,41711801,120.57,1,1,41588080 -> 41711801
325,41588080,256544743,118.58,0,0,unused
326,41588168,42203750,145.45,2,2,41588168 -> 42203750
327,41588168,41588169,121.37,-3,3,41588169 -> 41588168
328,41588168,42203741,117.86,3,3,41588168 -> 42203741
329,41711801,41621515,118.14,-1,1,41621515 -> 41711801
330,41711801,42203741,118.2,3,3,41711801 -> 42203741
331,41711801,41711799,116.22,-1,1,41711799 -> 41711801
332,41588084,42398527,145.69,-2,2,42398527 -> 41588084
333,41588084,42523789,115.43,-1,1,42523789 -> 41588084
334,41588084,2295357165,113.85,2,2,41588084 -> 2295357165
335,42398527,41712031,178.26,1,1,42398527 -> 41712031
336,42398527,41786014,170.65,0,0,unused
337,42398527,42582165,146.96,-3,3,42582165 -> 42398527
338,42523789,41621515,113.8,1,1,42523789 -> 41621515
339,42523789,42210374,116.79,-2,2,42210374 -> 42523789
340,42523789,42214530,114.1,0,0,unused
341,2295357165,42214530,117.68,-1,1,42214530 -> 2295357165
342,2295357165,11328997799,93.15,3,3,2295357165 -> 11328997799
343,41588090,41888697,128.14,1,1,41588090 -> 41888697
344,41588090,41588091,145.53,1,1,41588090 -> 41588091
345,41588090,11328997799,150.1,-2,2,11328997799 -> 41588090
346,41888697,41644391,145.72,2,2,41888697 -> 41644391
347,41888697,41741346,148.96,-1,1,41741346 -> 41888697
348,41588091,41644395,140.38,1,1,41588091 -> 41644395
349,41588091,41644393,105.39,-1,1,41644393 -> 41588091
350,41588091,41588093,116.35,1,1,41588091 -> 41588093
351,11328997799,41741346,121.06,3,3,11328997799 -> 41741346
352,11328997799,2990395952,146.24,2,2,11328997799 -> 2990395952
353,11328997799,4347911154,103.74,-4,4,4347911154 -> 11328997799
354,41644395,41644396,146.36,0,0,unused
355,41644395,42311251,115.54,2,2,41644395 -> 42311251
356,41644395,42398528,233.38,-1,1,42398528 -> 41644395
357,41644393,41644391,22.04,1,1,41644393 -> 41644391
358,41644393,42311243,127.99,-2,2,42311243 -> 41644393
359,41588093,42311251,141.16,-1,1,42311251 -> 41588093
360,41588093,330521565,12.48,2,2,41588093 -> 330521565
361,42311251,41804917,173.6,-4,4,41804917 -> 42311251
362,42311251,42311260,146.59,5,5,42311251 -> 42311260
363,330521565,41588095,160.61,4,4,330521565 -> 41588095
364,330521565,42311243,105.05,-2,2,42311243 -> 330521565
365,41588095,41594647,67.04,3,3,41588095 -> 41594647
366,41588095,41804914,103.74,1,1,41588095 -> 41804914
367,41594647,41804917,73.95,3,3,41594647 -> 41804917
368,41804914,41804912,107.03,1,1,41804914 -> 41804912
369,41804914,42311243,160.67,0,0,unused
370,42203750,41607964,121.16,1,1,42203750 -> 41607964
371,42203750,41712031,170.97,0,0,unused
372,42203750,9081275780,147.72,1,1,42203750 -> 9081275780
373,41588169,41607964,146.53,-1,1,41607964 -> 41588169
374,41588169,41607962,115.97,-1,1,41607962 -> 41588169
375,41588169,331908934,114.02,-1,1,331908934 -> 41588169
376,42203741,41607962,119.72,3,3,42203741 -> 41607962
377,42203741,42203736,115.15,3,3,42203741 -> 42203736
378,41607964,331945389,112.79,-1,1,331945389 -> 41607964
379,41607964,9081275780,262.66,1,1,41607964 -> 9081275780
380,41607962,41607959,116.24,1,1,41607962 -> 41607959
381,41607962,331908931,115.04,1,1,41607962 -> 331908931
382,331908934,331945389,149.92,1,1,331908934 -> 331945389
383,331908934,1502089239,23.43,0,0,unused
384,331908934,1502089208,89.54,-2,2,1502089208 -> 331908934
385,41804917,41804919,146.1,-1,1,41804919 -> 41804917
386,41599799,41599801,116.25,1,1,41599799 -> 41599801
387,41599801,41882908,102.16,1,1,41599801 -> 41882908
388,41599801,42037586,99.51,2,2,41599801 -> 42037586
389,41882908,41882907,116.69,-1,1,41882907 -> 41882908
390,41882908,42604859,96.1,2,2,41882908 -> 42604859
391,42037586,41701777,97.35,1,1,42037586 -> 41701777
392,1401842466,41882913,100.02,5,5,1401842466 -> 41882913
393,1401842466,42037611,100.68,-2,2,42037611 -> 1401842466
394,41599884,12897608600,120.26,-1,1,12897608600 -> 41599884
395,41599884,2128508261,14.35,19,19,41599884 -> 2128508261
396,41599884,41882944,240.44,-16,16,41882944 -> 41599884
397,41599884,11332312888,118.81,-2,2,11332312888 -> 41599884
398,12897608600,12897697009,4.06,-1,1,12897697009 -> 12897608600
399,12897608600,12897697005,120.75,0,0,unused
400,2128508261,317522158,106.44,-1,1,317522158 -> 2128508261
401,2128508261,41599887,106.86,20,20,2128508261 -> 41599887
402,41599887,1556606335,320.04,-1,1,1556606335 -> 41599887
403,41599887,317522158,14.16,0,0,unused
404,41599887,12897697005,112.68,21,21,41599887 -> 12897697005
405,1556606335,12897697016,106.44,1,1,1556606335 -> 12897697016
406,317522158,3019500800,115.98,-1,1,3019500800 -> 317522158
407,12897697005,12897697011,4.72,21,21,12897697005 -> 12897697011
408,41599895,317521341,8.55,1,1,41599895 -> 317521341
409,41599895,1556606323,132.71,2,2,41599895 -> 1556606323
410,41599895,12897697019,115.64,-25,25,12897697019 -> 41599895
411,41599895,1450708279,77.28,22,22,41599895 -> 1450708279
412,317521341,41599897,116.43,1,1,317521341 -> 41599897
413,317521341,2297694158,98.5,-1,1,2297694158 -> 317521341
414,317521341,1450708279,77.53,1,1,317521341 -> 1450708279
415,1556606323,41599897,74.78,1,1,1556606323 -> 41599897
416,12897697019,12895886671,9.03,2,2,12897697019 -> 12895886671
417,41599897,42604859,104.16,3,3,41599897 -> 42604859
418,42604859,2297694158,116.59,3,3,42604859 -> 2297694158
419,317521787,11907040128,88.36,1,1,317521787 -> 11907040128
420,317521787,3367417791,86.03,0,0,unused
421,41599905,11907040124,115.93,0,0,unused
422,11907040124,11907040128,79.71,-1,1,11907040128 -> 11907040124
423,41882915,41882913,110.78,-6,6,41882913 -> 41882915
424,41882915,1680569993,142.49,0,0,unused
425,41601190,41673720,113.65,1,1,41601190 -> 41673720
426,41601190,41997895,118.85,-1,1,41997895 -> 41601190
427,41601190,1680570366,115.73,-1,1,1680570366 -> 41601190
428,41601190,1680570139,116.48,1,1,41601190 -> 1680570139
429,41673720,41673718,117.08,1,1,41673720 -> 41673718
430,41673720,42604678,118.2,1,1,41673720 -> 42604678
431,41673720,41673722,117.18,-1,1,41673722 -> 41673720
432,41997895,41997893,117.76,0,0,unused
433,41997895,1680570361,115.14,2,2,41997895 -> 1680570361
434,41997895,42482209,115.23,-3,3,42482209 -> 41997895
435,1680570366,41601194,368.46,2,2,1680570366 -> 41601194
436,1680570366,41673722,116.24,3,3,1680570366 -> 41673722
437,1680570366,1680570361,120.24,-6,6,1680570361 -> 1680570366
438,1680570139,41673718,114.06,1,1,1680570139 -> 41673718
439,1680570139,41997893,119.19,1,1,1680570139 -> 41997893
440,1680570139,1556606607,119.1,-1,1,1556606607 -> 1680570139
441,41601194,41673724,115.24,2,2,41601194 -> 41673724
442,41601194,41997903,120.24,1,1,41601194 -> 41997903
443,41601194,41601196,221.34,-1,1,41601196 -> 41601194
444,41673724,41673722,368.11,-1,1,41673722 -> 41673724
445,41673724,41673726,221.51,0,0,unused
446,41673724,42205597,111.59,3,3,41673724 -> 42205597
447,41997903,41997909,221.49,-1,1,41997909 -> 41997903
448,41997903,1680570361,368.07,3,3,41997903 -> 1680570361
449,41997903,331932983,112.17,-1,1,331932983 -> 41997903
450,41601196,41673726,112.93,-1,1,41673726 -> 41601196
451,41601196,41997909,120.62,-1,1,41997909 -> 41601196
452,41601196,41601197,216.83,1,1,41601196 -> 41601197
453,41673726,41673729,217.63,-2,2,41673729 -> 41673726
454,41673726,42200598,115.98,1,1,41673726 -> 42200598
455,41997909,41997914,217.28,-3,3,41997914 -> 41997909
456,41997909,331932980,112.8,1,1,41997909 -> 331932980
457,41601197,415169068,68.96,0,0,unused
458,41601197,41997914,123.9,7,7,41601197 -> 41997914
459,41601197,41673729,109.82,-6,6,41673729 -> 41601197
460,415169068,41601199,45.32,1,1,415169068 -> 41601199
461,415169068,1515869506,109.41,-1,1,1515869506 -> 415169068
462,41997914,1515869489,56.02,1,1,41997914 -> 1515869489
463,41997914,4900785345,95.23,3,3,41997914 -> 4900785345
464,41673729,42452986,116.67,-8,8,42452986 -> 41673729
465,41601199,41629291,224.43,1,1,41601199 -> 41629291
466,41601199,41601201,24.83,0,0,unused
467,41629291,42452986,113.27,1,1,41629291 -> 42452986
468,41629291,2281519344,216.39,-1,1,2281519344 -> 41629291
469,41629291,198036396,77.65,1,1,41629291 -> 198036396
470,41601201,10685083367,6.62,1,1,41601201 -> 10685083367
471,41601201,1512268487,22.01,-1,1,1512268487 -> 41601201
472,10685083367,10685083365,22.0,-1,1,10685083365 -> 10685083367
473,10685083367,8644484289,82.25,2,2,10685083367 -> 8644484289
474,1512268487,10685083365,5.88,-1,1,10685083365 -> 1512268487
475,1512268487,1515869506,27.19,0,0,unused
476,41607948,41607950,118.36,-1,1,41607950 -> 41607948
477,41607948,331901579,113.5,1,1,41607948 -> 331901579
478,41607948,41634718,119.03,-1,1,41634718 -> 41607948
479,41607948,1526072498,116.34,1,1,41607948 -> 1526072498
480,41607950,41607952,111.52,1,1,41607950 -> 41607952
481,41607950,41706255,119.3,-1,1,41706255 -> 41607950
482,41607950,331908914,117.84,-1,1,331908914 -> 41607950
483,331901579,331901522,11.35,-1,1,331901522 -> 331901579
484,331901579,1526072498,219.98,3,3,331901579 -> 1526072498
485,331901579,1502088694,87.78,-1,1,1502088694 -> 331901579
486,41634718,331901521,119.38,-1,1,331901521 -> 41634718
487,41634718,41706255,118.72,0,0,unused
488,1526072498,331932699,119.59,2,2,1526072498 -> 331932699
489,1526072498,331908914,117.99,2,2,1526072498 -> 331908914
490,41607952,331908916,118.76,3,3,41607952 -> 331908916
491,41607952,42203712,120.07,-1,1,42203712 -> 41607952
492,41607952,41607953,113.62,1,1,41607952 -> 41607953
493,41607952,2265572791,120.22,-2,2,2265572791 -> 41607952
494,41706255,1680570332,122.55,-2,2,1680570332 -> 41706255
495,41706255,42203712,106.44,1,1,41706255 -> 42203712
496,331908914,1501879405,113.75,2,2,331908914 -> 1501879405
497,331908914,331908916,112.67,-1,1,331908916 -> 331908914
498,331908916,1502089022,41.85,1,1,331908916 -> 1502089022
499,331908916,331932987,126.0,1,1,331908916 -> 331932987
500,42203712,41711786,119.03,-1,1,41711786 -> 42203712
501,42203712,2265572791,10.76,1,1,42203712 -> 2265572791
502,41607953,331908918,118.78,-1,1,331908918 -> 41607953
503,41607953,41754070,119.15,3,3,41607953 -> 41754070
504,41607953,41607955,120.58,-1,1,41607955 -> 41607953
505,331908918,331908923,234.92,0,0,unused
506,331908918,1502089054,6.44,-2,2,1502089054 -> 331908918
507,331908918,1502089022,72.55,1,1,331908918 -> 1502089022
508,41754070,42203723,121.04,3,3,41754070 -> 42203723
509,41754070,2265572791,106.11,0,0,unused
510,41607955,42203723,117.81,-2,2,42203723 -> 41607955
511,41607955,41607956,106.43,1,1,41607955 -> 41607956
512,42203723,41610829,106.32,1,1,42203723 -> 41610829
513,42203723,41711792,120.41,0,0,unused
514,41607956,1307391489,13.59,-1,1,1307391489 -> 41607956
515,41607956,41610829,118.03,4,4,41607956 -> 41610829
516,41607956,331908923,118.93,-2,2,331908923 -> 41607956
517,1307391489,41607957,109.34,1,1,1307391489 -> 41607957
518,1307391489,331908924,117.64,-1,1,331908924 -> 1307391489
519,1307391489,1307391542,118.12,-1,1,1307391542 -> 1307391489
520,41610829,1307391542,13.18,3,3,41610829 -> 1307391542
521,41610829,41610831,119.08,2,2,41610829 -> 41610831
522,41607957,41913385,118.63,0,0,unused
523,41607957,331908925,115.81,3,3,41607957 -> 331908925
524,41607957,41607959,116.09,-2,2,41607959 -> 41607957
525,41913385,42203736,116.26,1,1,41913385 -> 42203736
526,41913385,1307391542,109.97,-1,1,1307391542 -> 41913385
527,331908925,331908924,102.13,-1,1,331908924 -> 331908925
528,331908925,331908928,122.78,4,4,331908925 -> 331908928
529,41607959,42203736,118.66,0,0,unused
530,41607959,331908928,116.98,-1,1,331908928 -> 41607959
531,42203736,41711799,118.92,4,4,42203736 -> 41711799
532,331908928,1502089146,13.14,0,0,unused
533,331908928,331908931,110.08,3,3,331908928 -> 331908931
534,331908931,1502089208,23.12,4,4,331908931 -> 1502089208
535,9081275780,41712034,172.84,2,2,9081275780 -> 41712034
536,42221109,42221113,287.83,1,1,42221109 -> 42221113
537,42221109,1278936017,320.6,0,0,unused
538,1501879041,41698393,12.68,2,2,1501879041 -> 41698393
539,1501879041,2980248908,268.51,-1,1,2980248908 -> 1501879041
540,331917949,1501879048,120.46,2,2,331917949 -> 1501879048
541,41609721,12897697011,112.69,-1,1,12897697011 -> 41609721
542,41609721,331927663,115.61,2,2,41609721 -> 331927663
543,12897697011,12895886656,320.02,-2,2,12895886656 -> 12897697011
544,12897697011,12897697009,120.73,22,22,12897697011 -> 12897697009
545,331927663,331901522,119.36,1,1,331927663 -> 331901522
546,331927663,331927669,120.24,22,22,331927663 -> 331927669
547,331927663,12897697009,113.6,-21,21,12897697009 -> 331927663
548,41610814,41610843,28.69,1,1,41610814 -> 41610843
549,41610814,41610816,142.13,1,1,41610814 -> 41610816
550,41610814,41644389,108.54,-2,2,41644389 -> 41610814
551,41610843,41610841,295.72,1,1,41610843 -> 41610841
552,41610843,41644386,79.05,0,0,unused
553,41610816,41610817,146.09,1,1,41610816 -> 41610817
554,41610816,41913527,109.05,-1,1,41913527 -> 41610816
555,41610816,42311230,106.67,1,1,41610816 -> 42311230
556,41644389,330521021,127.45,-1,1,330521021 -> 41644389
557,41644389,41741338,292.13,1,1,41644389 -> 41741338
558,41644389,1307391461,100.36,-2,2,1307391461 -> 41644389
559,41610817,41804910,107.87,-1,1,41804910 -> 41610817
560,41610817,41804906,108.07,2,2,41610817 -> 41804906
561,41913527,41804910,145.65,2,2,41913527 -> 41804910
562,41913527,330521021,14.81,-3,3,330521021 -> 41913527
563,42311230,41644386,142.54,-2,2,41644386 -> 42311230
564,42311230,41754076,108.02,-2,2,41754076 -> 42311230
565,42311230,41804906,145.49,5,5,42311230 -> 41804906
566,41804910,41804912,107.03,1,1,41804910 -> 41804912
567,41804906,41754077,107.3,7,7,41804906 -> 41754077
568,1307391542,1307391606,119.1,1,1,1307391542 -> 1307391606
569,41610831,1307391606,11.41,-1,1,1307391606 -> 41610831
570,41610831,41711792,108.17,1,1,41610831 -> 41711792
571,41610831,41610835,195.3,2,2,41610831 -> 41610835
572,1307391606,41711797,110.03,-1,1,41711797 -> 1307391606
573,1307391606,1307391566,187.57,1,1,1307391606 -> 1307391566
574,41711792,2262241145,225.24,1,1,41711792 -> 2262241145
575,41610835,1307391566,15.41,-1,1,1307391566 -> 41610835
576,41610835,41610839,151.13,5,5,41610835 -> 41610839
577,41610835,1256304741,338.37,-2,2,1256304741 -> 41610835
578,1307391566,1307391534,45.17,-1,1,1307391534 -> 1307391566
579,1307391566,41621512,127.1,1,1,1307391566 -> 41621512
580,41610839,1307391483,12.8,5,5,41610839 -> 1307391483
581,41610839,41610841,96.45,0,0,unused
582,1307391483,41610841,94.45,2,2,1307391483 -> 41610841
583,1307391483,41913629,110.11,1,1,1307391483 -> 41913629
584,1307391483,1307391534,113.84,2,2,1307391483 -> 1307391534
585,41610841,41741335,113.98,1,1,41610841 -> 41741335
586,41610841,41741324,238.87,2,2,41610841 -> 41741324
587,41741335,41913629,96.56,-1,1,41913629 -> 41741335
588,41741335,41741338,32.18,2,2,41741335 -> 41741338
589,41741324,41644383,288.64,5,5,41741324 -> 41644383
590,41741324,1256224131,109.1,-3,3,1256224131 -> 41741324
591,41644386,41644385,107.91,-2,2,41644385 -> 41644386
592,41611965,1526072477,111.38,0,0,unused
593,41611965,12895886656,113.68,1,1,41611965 -> 12895886656
594,1526072477,1680570105,120.54,22,22,1526072477 -> 1680570105
595,1526072477,1680570088,112.4,-23,23,1680570088 -> 1526072477
596,12895886656,1680570088,113.72,0,0,unused
597,12895886656,12897697016,10.25,-1,1,12897697016 -> 12895886656
598,41611972,41716551,110.6,1,1,41611972 -> 41716551
599,41611972,2980250897,91.13,0,0,unused
600,41611972,1526072481,118.09,2,2,41611972 -> 1526072481
601,41611972,1680570114,115.48,-3,3,1680570114 -> 41611972
602,41716551,1526072476,115.78,1,1,41716551 -> 1526072476
603,41716551,42023812,114.65,-1,1,42023812 -> 41716551
604,41716551,41716554,139.79,1,1,41716551 -> 41716554
605,1526072481,317516974,381.12,1,1,1526072481 -> 317516974
606,1526072481,1526072476,113.94,1,1,1526072481 -> 1526072476
607,1680570114,42023781,206.81,2,2,1680570114 -> 42023781
608,1680570114,42023812,113.13,2,2,1680570114 -> 42023812
609,1680570114,1680570120,115.02,-7,7,1680570120 -> 1680570114
610,41618199,1397281238,17.64,0,0,unused
611,41618199,42576867,198.14,1,1,41618199 -> 42576867
612,42576867,41882950,120.55,13,13,42576867 -> 41882950
613,42576867,3019500800,113.58,-12,12,3019500800 -> 42576867
614,41882950,41823831,114.92,0,0,unused
615,41882950,1556606397,115.11,13,13,41882950 -> 1556606397
616,41621512,41621514,116.88,1,1,41621512 -> 41621514
617,41621512,41913628,106.99,1,1,41621512 -> 41913628
618,41621512,41711797,125.83,-1,1,41711797 -> 41621512
619,41621514,41621515,116.43,1,1,41621514 -> 41621515
620,41621514,42210374,115.13,1,1,41621514 -> 42210374
621,41621514,41711799,116.53,-1,1,41711799 -> 41621514
622,41913628,41913629,114.16,-1,1,41913629 -> 41913628
623,41913628,42210374,115.91,3,3,41913628 -> 42210374
624,41913628,1307391534,110.58,-1,1,1307391534 -> 41913628
625,41711797,41711799,116.41,-2,2,41711799 -> 41711797
626,42210374,1256782411,114.02,2,2,42210374 -> 1256782411
627,41627175,2980239272,16.82,-2,2,2980239272 -> 41627175
628,41627175,42596552,59.66,1,1,41627175 -> 42596552
629,41627175,4346602889,92.99,1,1,41627175 -> 4346602889
630,41627175,41627177,117.78,0,0,unused
631,2980239272,2980239278,117.54,28,28,2980239272 -> 2980239278
632,2980239272,4351647668,93.56,-30,30,4351647668 -> 2980239272
633,42596552,42596553,54.3,0,0,unused
634,4346602889,4351647668,17.2,0,0,unused
635,4346602889,2980239269,134.78,1,1,4346602889 -> 2980239269
636,41627177,2980239278,16.98,1,1,41627177 -> 2980239278
637,41627177,42596468,184.63,0,0,unused
638,41627177,4351647667,155.03,-1,1,4351647667 -> 41627177
639,2980239278,4346602682,154.95,1,1,2980239278 -> 4346602682
640,2980239278,11609502912,104.73,28,28,2980239278 -> 11609502912
641,42452986,42200598,217.87,-1,1,42200598 -> 42452986
642,42452986,42290370,112.19,-6,6,42290370 -> 42452986
643,2281519344,2361888653,11.03,-2,2,2361888653 -> 2281519344
644,41629295,41629297,199.83,-12,12,41629297 -> 41629295
645,41629295,1256308228,173.3,0,0,unused
646,41629295,3604246915,52.07,0,0,unused
647,41629295,3604246917,52.12,0,0,unused
648,41629297,41629300,200.37,2,2,41629297 -> 41629300
649,41629297,41669465,311.13,-1,1,41669465 -> 41629297
650,41629300,41669465,112.3,1,1,41629300 -> 41669465
651,41629300,42377653,112.62,1,1,41629300 -> 42377653
652,42377653,41860940,100.36,2,2,42377653 -> 41860940
653,42377653,42200718,190.69,-1,1,42200718 -> 42377653
654,42037611,41701787,97.69,-1,1,41701787 -> 42037611
655,41631314,41812065,203.15,3,3,41631314 -> 41812065
656,41634702,1680570151,116.93,0,0,unused
657,41634702,41634702,49.33,1,1,41634702 -> 41634702
658,1680570151,41644379,124.1,1,1,1680570151 -> 41644379
659,1680570151,1680570146,81.18,0,0,unused
660,1680570151,5314024584,21.45,-1,1,5314024584 -> 1680570151
661,331901521,331927669,156.94,-1,1,331927669 -> 331901521
662,331901521,1502088694,33.66,2,2,331901521 -> 1502088694
663,331901521,1556606602,120.95,-2,2,1556606602 -> 331901521
664,41644379,1404179922,62.98,0,0,unused
665,41644379,1501879352,165.54,1,1,41644379 -> 1501879352
666,1501879352,1501879338,171.62,2,2,1501879352 -> 1501879338
667,1501879352,1502088607,15.18,-2,2,1502088607 -> 1501879352
668,1501879352,331901514,15.37,1,1,1501879352 -> 331901514
669,41644382,41804901,286.87,1,1,41644382 -> 41804901
670,41644382,1256224131,286.52,1,1,41644382 -> 1256224131
671,41644382,5100992511,48.74,0,0,unused
672,41644382,41644383,111.1,-2,2,41644383 -> 41644382
673,41644382,5100993003,47.52,0,0,unused
674,41804901,41754077,172.94,-6,6,41754077 -> 41804901
675,41804901,1526072501,168.04,7,7,41804901 -> 1526072501
676,1256224131,9758340429,78.96,-1,1,9758340429 -> 1256224131
677,1256224131,4483350152,128.8,-1,1,4483350152 -> 1256224131
678,1256224131,4347921313,129.46,0,0,unused
679,41644383,41644385,60.64,3,3,41644383 -> 41644385
680,41644385,41754076,143.36,1,1,41644385 -> 41754076
681,41754076,41754077,144.34,-1,1,41754077 -> 41754076
682,330521021,42210530,107.29,-4,4,42210530 -> 330521021
683,41741338,41741341,83.27,3,3,41741338 -> 41741341
684,1307391461,41741344,291.8,-5,5,41741344 -> 1307391461
685,1307391461,330521018,6.01,3,3,1307391461 -> 330521018
686,41644391,330521018,85.09,3,3,41644391 -> 330521018
687,330521018,42210530,128.3,6,6,330521018 -> 42210530
688,42311243,42210530,105.8,-4,4,42210530 -> 42311243
689,41644396,42311260,116.7,-4,4,42311260 -> 41644396
690,41644396,42398528,374.12,4,4,41644396 -> 42398528
691,42398528,2990395949,52.26,3,3,42398528 -> 2990395949
692,42311260,41804919,173.73,1,1,42311260 -> 41804919
693,41673718,1556606597,119.26,2,2,41673718 -> 1556606597
694,41673718,1556606712,117.17,0,0,unused
695,1556606597,1556606469,122.84,1,1,1556606597 -> 1556606469
696,1556606597,1680570134,114.16,-13,13,1680570134 -> 1556606597
697,1556606597,1556606607,116.99,14,14,1556606597 -> 1556606607
698,1556606712,42604678,117.42,1,1,1556606712 -> 42604678
699,1556606712,1556606708,116.35,-12,12,1556606708 -> 1556606712
700,1556606712,1680570134,118.66,11,11,1556606712 -> 1680570134
701,42604678,42217181,118.61,-1,1,42217181 -> 42604678
702,42604678,1680570329,115.6,3,3,42604678 -> 1680570329
703,41673722,42217181,110.32,1,1,41673722 -> 42217181
704,42217181,42205597,368.36,2,2,42217181 -> 42205597
705,42217181,2297708929,108.24,-2,2,2297708929 -> 42217181
706,42205597,42200598,220.19,-2,2,42200598 -> 42205597
707,42205597,330513500,108.17,7,7,42205597 -> 330513500
708,42200598,42200601,113.0,-2,2,42200601 -> 42200598
709,41698393,331925517,10.76,2,2,41698393 -> 331925517
710,41698393,1502088607,109.88,-6,6,1502088607 -> 41698393
711,41698393,331925172,144.62,6,6,41698393 -> 331925172
712,331925517,331917948,106.33,1,1,331925517 -> 331917948
713,331925517,6165206914,275.06,1,1,331925517 -> 6165206914
714,1502088607,331901515,145.52,1,1,1502088607 -> 331901515
715,1502088607,1502088621,250.34,-9,9,1502088621 -> 1502088607
716,41701777,42674699,95.97,2,2,41701777 -> 42674699
717,42674699,42326887,113.12,0,0,unused
718,42674699,42345818,96.08,1,1,42674699 -> 42345818
719,42326887,42326885,95.39,5,5,42326887 -> 42326885
720,41701848,1556606416,115.6,0,0,unused
721,41701848,1556606397,115.04,1,1,41701848 -> 1556606397
722,41701848,1556606374,74.52,1,1,41701848 -> 1556606374
723,1556606416,41803789,322.97,2,2,1556606416 -> 41803789
724,1556606416,1556606467,116.62,11,11,1556606416 -> 1556606467
725,1556606416,1556606418,113.8,-13,13,1556606418 -> 1556606416
726,1556606397,3331473960,64.94,0,0,unused
727,1556606397,1556606418,113.96,14,14,1556606397 -> 1556606418
728,1556606374,1556606372,16.11,0,0,unused
729,1556606374,5132653062,120.17,1,1,1556606374 -> 5132653062
730,1680570332,41711786,106.26,3,3,1680570332 -> 41711786
731,1680570332,1256224119,227.87,16,16,1680570332 -> 1256224119
732,1680570332,1556606602,238.66,-21,21,1556606602 -> 1680570332
733,41706281,42360002,38.84,0,0,unused
734,41706281,1526072501,79.34,0,0,unused
735,1526072501,331893074,166.71,6,6,1526072501 -> 331893074
736,1526072501,1680570146,86.45,1,1,1526072501 -> 1680570146
737,41711786,42588673,230.82,1,1,41711786 -> 42588673
738,41711786,2262241145,11.54,1,1,41711786 -> 2262241145
739,42588673,1256304741,12.79,1,1,42588673 -> 1256304741
740,42588673,4347921313,88.06,1,1,42588673 -> 4347921313
741,42588673,1256224119,103.24,-1,1,1256224119 -> 42588673
742,2262241145,1256304741,231.01,1,1,2262241145 -> 1256304741
743,2262241145,2265572791,118.78,1,1,2262241145 -> 2265572791
744,41712031,41712034,147.01,0,0,unused
745,41712031,256544743,31.74,1,1,41712031 -> 256544743
746,41712034,42582165,176.08,2,2,41712034 -> 42582165
747,42582165,5100939330,89.52,-1,1,5100939330 -> 42582165
748,41716457,3584480610,8.05,-28,28,3584480610 -> 41716457
749,41716457,3536447372,92.03,0,0,unused
750,41716457,42023651,119.49,28,28,41716457 -> 42023651
751,3584480610,11609502912,88.33,-28,28,11609502912 -> 3584480610
752,3536447372,3536447371,73.72,0,0,unused
753,3536447372,3536447373,133.17,0,0,unused
754,42023651,42338391,113.84,26,26,42023651 -> 42338391
755,1526072476,2980247637,68.01,2,2,1526072476 -> 2980247637
756,42023812,1680570101,115.61,1,1,42023812 -> 1680570101
757,41716554,2980239530,194.51,2,2,41716554 -> 2980239530
758,2980239530,2980239526,17.88,0,0,unused
759,2980239530,2980239281,111.82,27,27,2980239530 -> 2980239281
760,2980239530,2980247637,137.94,-25,25,2980247637 -> 2980239530
761,41723593,41769127,207.04,14,14,41723593 -> 41769127
762,41769125,41769122,45.2,5,5,41769125 -> 41769122
763,41769125,41769127,99.23,-5,5,41769127 -> 41769125
764,41769127,330512868,75.92,9,9,41769127 -> 330512868
765,41723644,1526072495,103.18,1,1,41723644 -> 1526072495
766,41723644,1451330394,101.77,-9,9,1451330394 -> 41723644
767,41723644,3708256750,203.97,8,8,41723644 -> 3708256750
768,1526072495,3625083531,203.74,1,1,1526072495 -> 3625083531
769,1526072495,1556606581,118.05,1,1,1526072495 -> 1556606581
770,1526072495,1680570137,104.56,-1,1,1680570137 -> 1526072495
771,1451330394,1556606580,119.37,-10,10,1556606580 -> 1451330394
772,1451330394,1526072496,104.02,1,1,1451330394 -> 1526072496
773,3708256750,3625083531,102.86,0,0,unused
774,3708256750,3625083534,31.44,8,8,3708256750 -> 3625083534
775,41913629,1256782411,115.65,-1,1,1256782411 -> 41913629
776,41741341,1256782411,96.51,-1,1,1256782411 -> 41741341
777,41741341,41741344,17.47,4,4,41741341 -> 41741344
778,1256782411,42214530,115.36,0,0,unused
779,41741344,41741346,94.87,-1,1,41741346 -> 41741344
780,41741346,42214530,94.5,1,1,41741346 -> 42214530
781,41769111,1680570329,104.65,2,2,41769111 -> 1680570329
782,41769111,1526072496,118.3,-1,1,1526072496 -> 41769111
783,41769111,41769115,118.76,-1,1,41769115 -> 41769111
784,1680570329,1526072515,118.26,-7,7,1526072515 -> 1680570329
785,1680570329,1556606708,117.89,12,12,1680570329 -> 1556606708
786,1526072496,1556606584,117.81,-1,1,1556606584 -> 1526072496
787,1526072496,1556606708,103.36,1,1,1526072496 -> 1556606708
788,41769115,3625083534,207.02,0,0,unused
789,41769115,1526072515,102.63,0,0,unused
790,1526072515,2297708929,12.83,-7,7,2297708929 -> 1526072515
791,41769122,42205602,109.12,1,1,41769122 -> 42205602
792,42205602,42200601,220.75,-1,1,42200601 -> 42205602
793,42205602,330513500,7.24,2,2,42205602 -> 330513500
794,330512868,42200601,111.39,9,9,330512868 -> 42200601
795,42290370,42200601,217.5,-6,6,42200601 -> 42290370
796,41786014,5100939330,244.57,1,1,41786014 -> 5100939330
797,41786014,2990395952,29.84,-1,1,2990395952 -> 41786014
798,5100939330,5100924957,37.52,0,0,unused
799,2990395952,4347911154,48.89,0,0,unused
800,2990395952,4347911155,45.38,1,1,2990395952 -> 4347911155
801,41794942,41794944,81.71,0,0,unused
802,41794944,41794948,163.6,0,0,unused
803,41794944,42322697,69.91,1,1,41794944 -> 42322697
804,42322697,42596543,86.28,0,0,unused
805,42322697,42596539,79.87,0,0,unused
806,42322697,2980239269,61.27,1,1,42322697 -> 2980239269
807,1556606580,1556606584,103.23,1,1,1556606580 -> 1556606584
808,1556606454,5158562045,630.57,2,2,1556606454 -> 5158562045
809,1556606454,1556606467,219.82,-10,10,1556606467 -> 1556606454
810,1556606454,1556606584,125.0,1,1,1556606454 -> 1556606584
811,1556606454,5158562046,632.71,9,9,1556606454 -> 5158562046
812,41804912,42210530,160.67,2,2,41804912 -> 42210530
813,42354407,41823844,119.86,-9,9,41823844 -> 42354407
814,42354407,1556606581,123.29,1,1,42354407 -> 1556606581
815,6074464043,6074464042,115.22,3,3,6074464043 -> 6074464042
816,41823831,41882944,120.69,1,1,41823831 -> 41882944
817,41823831,1556606418,115.91,-1,1,1556606418 -> 41823831
818,41882944,1556606607,121.32,-13,13,1556606607 -> 41882944
819,41882944,1556606469,116.1,-2,2,1556606469 -> 41882944
820,1556606418,1556606469,118.73,0,0,unused
821,41860855,1526072505,104.63,1,1,41860855 -> 1526072505
822,41860855,1526072494,104.02,2,2,41860855 -> 1526072494
823,41860855,1680570137,102.79,-1,1,1680570137 -> 41860855
824,1526072505,42377071,103.67,1,1,1526072505 -> 42377071
825,1526072505,2297713946,99.12,0,0,unused
826,1526072494,42377071,103.29,1,1,1526072494 -> 42377071
827,1526072494,1556606555,118.7,1,1,1526072494 -> 1556606555
828,1680570137,3625083530,203.5,-2,2,3625083530 -> 1680570137
829,41860937,42200718,141.11,1,1,41860937 -> 42200718
830,41860937,3074538202,140.11,1,1,41860937 -> 3074538202
831,41860937,41860940,289.57,-2,2,41860940 -> 41860937
832,3074538202,42205461,191.75,1,1,3074538202 -> 42205461
833,1556606607,11332312888,242.16,0,0,unused
834,41885498,1680570272,82.73,-1,1,1680570272 -> 41885498
835,41885498,5314024584,28.5,1,1,41885498 -> 5314024584
836,1680570272,5314024602,16.4,-1,1,5314024602 -> 1680570272
837,12895886671,1680570088,114.95,2,2,12895886671 -> 1680570088
838,1680570101,1680570105,118.45,0,0,unused
839,1680570101,1680570120,112.61,2,2,1680570101 -> 1680570120
840,3019500800,317522164,76.21,0,0,unused
841,11907040130,2227528365,141.48,-25,25,2227528365 -> 11907040130
842,41966231,2227528365,114.44,27,27,41966231 -> 2227528365
843,2227528365,11907040128,13.83,2,2,2227528365 -> 11907040128
844,2227528365,3642808961,202.79,0,0,unused
845,41997893,331932699,122.85,1,1,41997893 -> 331932699
846,331932699,11332312888,120.31,1,1,331932699 -> 11332312888
847,331932699,1501879393,44.22,2,2,331932699 -> 1501879393
848,1680570361,331932987,115.88,-1,1,331932987 -> 1680570361
849,42482209,1501879393,73.96,-2,2,1501879393 -> 42482209
850,42482209,1501879405,13.17,-1,1,1501879405 -> 42482209
851,42482209,331932987,114.67,0,0,unused
852,331932983,331932980,221.0,1,1,331932983 -> 331932980
853,331932983,1502089066,214.65,0,0,unused
854,331932983,1502089122,15.68,-2,2,1502089122 -> 331932983
855,331932980,1502089154,13.91,3,3,331932980 -> 1502089154
856,331932980,1502089218,218.22,-1,1,1502089218 -> 331932980
857,1515869489,1515869503,73.21,-1,1,1515869503 -> 1515869489
858,1515869489,1515869496,95.18,2,2,1515869489 -> 1515869496
859,4900785345,331934576,66.89,2,2,4900785345 -> 331934576
860,4900785345,1515869496,58.13,1,1,4900785345 -> 1515869496
861,42338388,42338391,131.72,2,2,42338388 -> 42338391
862,42338391,3642808963,222.96,0,0,unused
863,42023781,331927679,148.1,1,1,42023781 -> 331927679
864,331927679,331927675,115.13,0,0,unused
865,331927679,1278936161,11.56,1,1,331927679 -> 1278936161
866,42345818,317521878,25.19,0,0,unused
867,42481008,6074464042,204.35,-2,2,6074464042 -> 42481008
868,330513500,2297708929,369.01,9,9,330513500 -> 2297708929
869,7655281891,1680570120,55.17,-1,1,1680570120 -> 7655281891
870,2980239269,2980239281,17.35,3,3,2980239269 -> 2980239281
871,2980239269,2980239526,112.02,-1,1,2980239526 -> 2980239269
872,42326885,1398112665,7.97,4,4,42326885 -> 1398112665
873,42326885,317521878,87.57,1,1,42326885 -> 317521878
874,1398112665,1398112662,59.12,4,4,1398112665 -> 1398112662
875,317521878,42674703,106.58,1,1,317521878 -> 42674703
876,6074464041,6074464042,115.06,-1,1,6074464042 -> 6074464041
877,42377071,2297714319,99.91,2,2,42377071 -> 2297714319
878,2297714319,2297713946,103.74,3,3,2297714319 -> 2297713946
879,2297714319,2297713950,33.82,-1,1,2297713950 -> 2297714319
880,2990395949,2990395946,87.23,0,0,unused
881,2990395949,4347911154,42.81,4,4,2990395949 -> 4347911154
882,2990395949,4347911155,51.04,-1,1,4347911155 -> 2990395949
883,317516167,317516150,100.52,0,0,unused
884,42405464,194785825,81.6,0,0,unused
885,194785825,194827530,352.36,0,0,unused
886,1501879393,1501879405,74.31,0,0,unused
887,1501879405,331932987,120.02,1,1,1501879405 -> 331932987
888,1256304741,4483350152,89.2,0,0,unused
889,4347921313,4483350152,13.96,1,1,4347921313 -> 4483350152
890,42674703,8819017526,98.87,-1,1,8819017526 -> 42674703
891,8819017526,1398112662,47.67,-3,3,1398112662 -> 8819017526
892,194827530,2990395946,170.74,0,0,unused
893,198033100,2361888653,153.51,4,4,198033100 -> 2361888653
894,198033100,2361888665,106.19,0,0,unused
895,198036396,8644484289,232.62,2,2,198036396 -> 8644484289
896,198036396,256633737,114.33,-1,1,256633737 -> 198036396
897,8644484289,256633710,107.32,4,4,8644484289 -> 256633710
898,256542255,2990395954,167.76,0,0,unused
899,2990395954,4347911155,67.33,0,0,unused
900,2990395954,2990402783,101.51,0,0,unused
901,256633710,256633737,182.12,4,4,256633710 -> 256633737
902,256633737,256633879,161.86,3,3,256633737 -> 256633879
903,256633879,256633838,560.24,3,3,256633879 -> 256633838
904,256633838,194815836,113.98,-1,1,194815836 -> 256633838
905,256633838,256633882,884.28,4,4,256633838 -> 256633882
906,194815836,256634130,472.39,-1,1,256634130 -> 194815836
907,256633882,256633926,323.79,4,4,256633882 -> 256633926
908,256633926,2361888668,108.98,4,4,256633926 -> 2361888668
909,2361888668,2361888665,16.16,1,1,2361888668 -> 2361888665
910,2361888668,3604317948,36.95,-1,1,3604317948 -> 2361888668
911,2361888668,2367444594,8.79,4,4,2361888668 -> 2367444594
912,2361888663,256634186,14.57,-5,5,256634186 -> 2361888663
913,2361888663,330557359,32.74,1,1,2361888663 -> 330557359
914,2361888663,2367444595,8.39,-1,1,2367444595 -> 2361888663
915,256634130,256634186,106.06,-1,1,256634186 -> 256634130
916,256634186,2367444595,8.1,2,2,256634186 -> 2367444595
917,256634186,3601553117,36.32,-8,8,3601553117 -> 256634186
918,317516974,317517173,360.54,0,0,unused
919,317516974,2980239523,93.46,1,1,317516974 -> 2980239523
920,2980239523,2980248908,550.13,-1,1,2980248908 -> 2980239523
921,2980239523,2980247637,16.66,1,1,2980239523 -> 2980247637
922,2980239523,2980239526,137.65,1,1,2980239523 -> 2980239526
923,11907040128,3367417791,31.83,2,2,11907040128 -> 3367417791
924,330557359,3610212833,29.13,1,1,330557359 -> 3610212833
925,331893074,1501879338,116.75,6,6,331893074 -> 1501879338
926,1501879338,1502088621,79.97,8,8,1501879338 -> 1502088621
927,331901514,2980280351,255.22,2,2,331901514 -> 2980280351
928,331901514,331901515,130.53,-1,1,331901515 -> 331901514
929,2980280351,2980264691,17.94,17,17,2980280351 -> 2980264691
930,2980280351,2980280347,18.75,-16,16,2980280347 -> 2980280351
931,2980280351,2980280349,49.95,1,1,2980280351 -> 2980280349
932,331901515,331925172,114.68,2,2,331901515 -> 331925172
933,331901515,2980264691,124.72,-2,2,2980264691 -> 331901515
934,331925172,2980248910,123.8,8,8,331925172 -> 2980248910
935,2980264691,2980248910,113.03,13,13,2980264691 -> 2980248910
936,2980264691,2980264692,19.14,2,2,2980264691 -> 2980264692
937,331901518,1502088857,31.94,-1,1,1502088857 -> 331901518
938,331901518,1556606602,229.67,-1,1,1556606602 -> 331901518
939,331901518,1501879006,189.56,1,1,331901518 -> 1501879006
940,331901518,2980264692,210.11,1,1,331901518 -> 2980264692
941,1502088857,1256224119,208.05,-13,13,1256224119 -> 1502088857
942,1502088857,2980280347,218.99,12,12,1502088857 -> 2980280347
943,1556606602,331927675,203.2,-24,24,331927675 -> 1556606602
944,331927669,331927675,134.27,21,21,331927669 -> 331927675
945,1502088694,331901522,87.31,1,1,1502088694 -> 331901522
946,331901522,11332312888,235.54,1,1,331901522 -> 11332312888
947,1502089022,1502089054,73.74,2,2,1502089022 -> 1502089054
948,331932987,331932986,111.99,1,1,331932987 -> 331932986
949,331908923,331908924,11.56,3,3,331908923 -> 331908924
950,331908923,5840701835,16.54,-5,5,5840701835 -> 331908923
951,1502089054,331932986,119.68,-4,4,331932986 -> 1502089054
952,1502089054,5840701835,245.98,4,4,1502089054 -> 5840701835
953,331908924,1502089120,14.8,1,1,331908924 -> 1502089120
954,1502089120,1313270584,7.26,1,1,1502089120 -> 1313270584
955,1502089120,1502089146,220.78,1,1,1502089120 -> 1502089146
956,1502089120,5840701835,8.27,-1,1,5840701835 -> 1502089120
957,1502089146,1502089175,52.39,-1,1,1502089175 -> 1502089146
958,1502089146,1502089154,104.07,2,2,1502089146 -> 1502089154
959,1502089208,1502089175,79.21,2,2,1502089208 -> 1502089175
960,1502089239,331934576,57.97,1,1,1502089239 -> 331934576
961,1502089239,1502089175,171.09,-1,1,1502089175 -> 1502089239
962,331917948,1501879048,51.5,1,1,331917948 -> 1501879048
963,6165206914,6165206913,106.76,0,0,unused
964,6165206914,1501879131,7.99,1,1,6165206914 -> 1501879131
965,1278936161,1501879006,122.3,1,1,1278936161 -> 1501879006
966,1278936161,1501878990,125.94,0,0,unused
967,1502089154,1502089122,220.99,6,6,1502089154 -> 1502089122
968,1502089154,1502089218,213.68,-1,1,1502089218 -> 1502089154
969,1502089066,331932986,40.74,3,3,1502089066 -> 331932986
970,1502089066,1502089122,218.77,-3,3,1502089122 -> 1502089066
971,1502089122,1313270584,97.11,1,1,1502089122 -> 1313270584
972,331934576,1502089218,8.78,2,2,331934576 -> 1502089218
973,331934576,420473455,82.58,1,1,331934576 -> 420473455
974,331946006,1512268489,15.25,-1,1,1512268489 -> 331946006
975,331946006,420473455,79.98,1,1,331946006 -> 420473455
976,1512268489,3479507164,120.9,-2,2,3479507164 -> 1512268489
977,1512268489,3479507100,122.27,1,1,1512268489 -> 3479507100
978,420473455,420473463,108.91,2,2,420473455 -> 420473463
979,1515869506,3479507099,78.94,-1,1,3479507099 -> 1515869506
980,420473463,1515869496,10.17,-3,3,1515869496 -> 420473463
981,420473463,1512268481,62.64,5,5,420473463 -> 1512268481
982,1512268481,3479507100,2.37,1,1,1512268481 -> 3479507100
983,1512268481,3479507101,2.38,4,4,1512268481 -> 3479507101
984,1256224119,2295321949,219.99,2,2,1256224119 -> 2295321949
985,2295321949,2980280349,174.8,1,1,2295321949 -> 2980280349
986,2295321949,9758340429,35.85,1,1,2295321949 -> 9758340429
987,1501879006,1501878990,10.71,3,3,1501879006 -> 1501878990
988,1501879006,2980248906,212.15,-1,1,2980248906 -> 1501879006
989,1501878990,2980248905,207.3,3,3,1501878990 -> 2980248905
990,1313270584,5840701835,11.04,2,2,1313270584 -> 5840701835
991,1397735918,1397735920,121.94,3,3,1397735918 -> 1397735920
992,1397735920,6074464048,74.53,3,3,1397735920 -> 6074464048
993,2980248905,2980248908,18.93,-21,21,2980248908 -> 2980248905
994,2980248905,2980247637,549.97,22,22,2980248905 -> 2980247637
995,2980248905,2980248906,12.63,2,2,2980248905 -> 2980248906
996,2980248906,2980248910,19.39,2,2,2980248906 -> 2980248910
997,2980248906,2980264692,111.96,-1,1,2980264692 -> 2980248906
998,1501879131,1501879192,106.47,1,1,1501879131 -> 1501879192
999,1501879131,1502088313,46.61,0,0,unused
1000,1501879192,6165206913,7.99,1,1,1501879192 -> 6165206913
1001,6165206913,1502088621,35.69,1,1,6165206913 -> 1502088621
1002,3479507100,3479507164,33.28,2,2,3479507100 -> 3479507164
1003,10685083365,3479507163,106.35,-2,2,3479507163 -> 10685083365
1004,3479507164,3479507165,4.75,0,0,unused
1005,1515869503,3479507098,3.08,1,1,1515869503 -> 3479507098
1006,1515869503,3479507099,1.68,-2,2,3479507099 -> 1515869503
1007,3479507098,3479507101,90.07,-1,1,3479507101 -> 3479507098
1008,3479507098,3479507162,33.28,2,2,3479507098 -> 3479507162
1009,3479507099,3479507163,33.3,-3,3,3479507163 -> 3479507099
1010,1680570088,12895886663,13.06,-21,21,12895886663 -> 1680570088
1011,1526072491,1556606708,117.66,-1,1,1556606708 -> 1526072491
1012,1526072491,1556606584,103.64,-1,1,1556606584 -> 1526072491
1013,1526072491,1680570134,116.5,2,2,1526072491 -> 1680570134
1014,3625083531,2297712579,31.23,2,2,3625083531 -> 2297712579
1015,3625083531,3625083530,103.87,-1,1,3625083530 -> 3625083531
1016,1680570146,5314024602,20.65,1,1,1680570146 -> 5314024602
1017,2297713946,3625083530,103.53,3,3,2297713946 -> 3625083530
1018,12897697016,12895886663,113.86,0,0,unused
1019,5132653062,3155508070,78.83,1,1,5132653062 -> 3155508070
1020,1556606467,1556606469,115.79,1,1,1556606467 -> 1556606469
1021,2361888653,2281519345,97.42,2,2,2361888653 -> 2281519345
1022,2281519345,2361888665,28.71,1,1,2281519345 -> 2361888665
1023,2281519345,3610212833,27.72,1,1,2281519345 -> 3610212833
1024,2361888665,2367444594,9.42,2,2,2361888665 -> 2367444594
1025,3610212833,2367444594,11.58,3,3,3610212833 -> 2367444594
1026,3610212833,2367444595,13.83,-1,1,2367444595 -> 3610212833
1027,2980280349,2980280347,50.98,2,2,2980280349 -> 2980280347
1028,2367444595,2367444599,13.1,0,0,unused
1029,3604317948,2367444599,31.99,-1,1,2367444599 -> 3604317948
1030,2367444594,2367444599,15.09,9,9,2367444594 -> 2367444599
1031,2367444599,3601553117,32.22,8,8,2367444599 -> 3601553117
1032,2980239281,4351647668,134.44,30,30,2980239281 -> 4351647668
1033,4346602682,4351647667,17.09,1,1,4346602682 -> 4351647667
1034,2980248908,2980248910,12.32,-23,23,2980248910 -> 2980248908
1035,2980264692,2980280347,18.43,2,2,2980264692 -> 2980280347
1036,2990395946,2990405771,127.98,0,0,unused
1037,3479507101,3479507165,33.27,3,3,3479507101 -> 3479507165
1038,3479507162,3479507163,4.85,5,5,3479507162 -> 3479507163
1039,3479507162,3479507165,90.07,-3,3,3479507165 -> 3479507162
1040,3536447370,3536447371,118.26,0,0,unused
1041,3642808961,5780671453,34.07,0,0,unused
1042,5100924956,5100924957,32.56,0,0,unused
1043,5100924957,5100933801,28.02,0,0,unused
